gmd,channel,bunch,aligned_trains,sample_n,finite_n,finite_fraction,min,p01,median,p99,max
hall,0,0,4330,4330,4330,1.0,0.13789455592632294,0.3948289632797241,2.465918779373169,11.45564350128174,15.791040420532227
hall,0,1,4330,4330,4330,1.0,0.0745091587305069,0.4470203906297684,2.7073845863342285,11.684922418594363,16.762619018554688
hall,0,2,4330,4330,4330,1.0,0.12414972484111786,0.5011941707134246,3.0119433403015137,12.04439829826355,18.970630645751953
hall,0,3,4330,4330,4330,1.0,0.14775516092777252,0.5274970626831055,3.1651782989501953,12.469413671493532,16.470455169677734
hall,0,4,4330,4330,4330,1.0,0.16315993666648865,0.5221040749549866,3.233020544052124,12.26436908721924,17.238540649414062
hall,0,5,4330,4330,4330,1.0,0.0178300142288208,0.5589813083410263,3.1751166582107544,12.040908794403077,17.637535095214844
hall,0,6,4330,4330,4330,1.0,0.019316675141453743,0.5488316679000854,3.225231409072876,12.05140374183655,16.487594604492188
hall,0,7,4330,4330,4330,1.0,0.00921297911554575,0.5983038955926895,3.209451913833618,12.04237892150879,16.187593460083008
hall,0,8,4330,4330,4330,1.0,0.19503074884414673,0.568102844953537,3.252003788948059,12.368088798522951,18.8273983001709
hall,0,9,4330,4330,4330,1.0,0.1104002594947815,0.5326467996835709,3.23437762260437,12.132750186920166,17.23998260498047
hall,0,10,4330,4330,4330,1.0,0.08026411384344101,0.49211097121238706,3.168926477432251,12.0203026008606,18.218914031982422
hall,0,11,4330,4330,4330,1.0,0.028428159654140472,0.5519047868251801,3.159970760345459,11.858507585525514,17.694358825683594
hall,0,12,4330,4330,4330,1.0,0.09681681543588638,0.5156985551118851,3.1508443355560303,12.24910870552063,15.460723876953125
hall,0,13,4330,4330,4330,1.0,0.09799465537071228,0.5351645243167877,3.2327336072921753,12.06766887664795,18.611812591552734
hall,0,14,4330,4330,4330,1.0,0.15222355723381042,0.5455894815921783,3.320283889770508,12.25548707962036,17.01382827758789
hall,0,15,4330,4330,4330,1.0,0.052571967244148254,0.6065849357843399,3.2027852535247803,12.104820184707641,16.6854190826416
hall,0,16,4330,4330,4330,1.0,0.034033261239528656,0.5191317480802536,3.2658164501190186,12.220574197769166,16.731264114379883
hall,0,17,4330,4330,4330,1.0,0.09630140662193298,0.5664035254716873,3.1567139625549316,11.94332501411438,17.781282424926758
hall,0,18,4330,4330,4330,1.0,0.013658402487635612,0.5309282869100571,3.1945760250091553,11.351176815032959,16.48927879333496
hall,0,19,4330,4330,4330,1.0,0.048561420291662216,0.4971877562999725,3.1440433263778687,12.164632959365845,17.94853401184082
hall,0,20,4330,4330,4330,1.0,0.08523616194725037,0.5424844342470169,3.1034984588623047,11.44232056617737,17.268028259277344
hall,0,21,4330,4330,4330,1.0,0.09437964111566544,0.5152417713403702,3.077026128768921,11.810848388671877,16.620223999023438
hall,0,22,4330,4330,4330,1.0,0.11124833673238754,0.5661579239368438,3.1429646015167236,11.679920644760132,15.656702041625977
hall,0,23,4330,4330,4330,1.0,0.15298055112361908,0.5278901195526123,3.0101571083068848,11.638456258773806,17.42023468017578
hall,0,24,4330,4330,4330,1.0,0.06215539574623108,0.4938481414318085,3.0578432083129883,11.05577907562256,16.182207107543945
hall,0,25,4330,4330,4330,1.0,0.0538766011595726,0.5201674681901932,3.0715394020080566,11.068537139892578,14.807376861572266
hall,0,26,4330,4330,4330,1.0,0.06796988099813461,0.5252559763193131,3.1013965606689453,10.904074974060059,15.004131317138672
hall,0,27,4330,4330,4330,1.0,0.02554507926106453,0.5169149464368821,3.097162961959839,11.213832054138186,15.477005004882812
hall,0,28,4330,4330,4330,1.0,0.1602768450975418,0.48371188521385194,3.11931049823761,10.987823371887208,14.564559936523438
hall,0,29,4330,4330,4330,1.0,0.17293664813041687,0.5300370419025421,3.0862613916397095,11.215296630859376,15.907953262329102
hall,1,0,4330,4330,4330,1.0,0.0,0.0,0.0,0.0,0.0
hall,1,1,4330,4330,4330,1.0,0.0,0.0,0.0,0.0,0.0
hall,1,2,4330,4330,4330,1.0,0.0,0.0,0.0,0.0,0.0
hall,1,3,4330,4330,4330,1.0,0.0,0.0,0.0,0.0,0.0
hall,1,4,4330,4330,4330,1.0,0.0,0.0,0.0,0.0,0.0
hall,1,5,4330,4330,4330,1.0,0.0,0.0,0.0,0.0,0.0
hall,1,6,4330,4330,4330,1.0,0.0,0.0,0.0,0.0,0.0
hall,1,7,4330,4330,4330,1.0,0.0,0.0,0.0,0.0,0.0
hall,1,8,4330,4330,4330,1.0,0.0,0.0,0.0,0.0,0.0
hall,1,9,4330,4330,4330,1.0,0.0,0.0,0.0,0.0,0.0
hall,1,10,4330,4330,4330,1.0,0.0,0.0,0.0,0.0,0.0
hall,1,11,4330,4330,4330,1.0,0.0,0.0,0.0,0.0,0.0
hall,1,12,4330,4330,4330,1.0,0.0,0.0,0.0,0.0,0.0
hall,1,13,4330,4330,4330,1.0,0.0,0.0,0.0,0.0,0.0
hall,1,14,4330,4330,4330,1.0,0.0,0.0,0.0,0.0,0.0
hall,1,15,4330,4330,4330,1.0,0.0,0.0,0.0,0.0,0.0
hall,1,16,4330,4330,4330,1.0,0.0,0.0,0.0,0.0,0.0
hall,1,17,4330,4330,4330,1.0,0.0,0.0,0.0,0.0,0.0
hall,1,18,4330,4330,4330,1.0,0.0,0.0,0.0,0.0,0.0
hall,1,19,4330,4330,4330,1.0,0.0,0.0,0.0,0.0,0.0
hall,1,20,4330,4330,4330,1.0,0.0,0.0,0.0,0.0,0.0
hall,1,21,4330,4330,4330,1.0,0.0,0.0,0.0,0.0,0.0
hall,1,22,4330,4330,4330,1.0,0.0,0.0,0.0,0.0,0.0
hall,1,23,4330,4330,4330,1.0,0.0,0.0,0.0,0.0,0.0
hall,1,24,4330,4330,4330,1.0,0.0,0.0,0.0,0.0,0.0
hall,1,25,4330,4330,4330,1.0,0.0,0.0,0.0,0.0,0.0
hall,1,26,4330,4330,4330,1.0,0.0,0.0,0.0,0.0,0.0
hall,1,27,4330,4330,4330,1.0,0.0,0.0,0.0,0.0,0.0
hall,1,28,4330,4330,4330,1.0,0.0,0.0,0.0,0.0,0.0
hall,1,29,4330,4330,4330,1.0,0.0,0.0,0.0,0.0,0.0
hall,2,0,4330,4330,4330,1.0,-0.05130823329091072,0.012442573700100183,0.05197940021753311,0.12190413765609265,0.26505741477012634
hall,2,1,4330,4330,4330,1.0,-0.10159967839717865,0.016376563012599946,0.051659828051924706,0.12151295848190787,0.26350167393684387
hall,2,2,4330,4330,4330,1.0,-0.09340942651033401,0.017599094919860364,0.0512221734970808,0.10688226923346521,0.2647411525249481
hall,2,3,4330,4330,4330,1.0,-0.10794943571090698,0.017874187175184488,0.05030782334506512,0.11287957899272444,0.32843032479286194
hall,2,4,4330,4330,4330,1.0,-0.12912145256996155,0.017798673696815967,0.050879936665296555,0.10906596824526787,0.20031654834747314
hall,2,5,4330,4330,4330,1.0,-0.5519421696662903,0.021448923628777265,0.050846146419644356,0.1080051074922085,0.3581775426864624
hall,2,6,4330,4330,4330,1.0,-0.029255270957946777,0.020963053032755852,0.05066961236298084,0.10878461450338364,0.4436536133289337
hall,2,7,4330,4330,4330,1.0,-0.03201185166835785,0.01946435233578086,0.050574105232954025,0.10878770984709263,0.2329116016626358
hall,2,8,4330,4330,4330,1.0,-0.07943736016750336,0.02136041535064578,0.050622375681996346,0.10395150907337666,0.34752601385116577
hall,2,9,4330,4330,4330,1.0,-0.053197961300611496,0.019161627404391767,0.05092374235391617,0.10521272458136083,0.22971494495868683
hall,2,10,4330,4330,4330,1.0,-0.07322895526885986,0.021421443969011307,0.05080706253647804,0.11019889160990716,0.6032982468605042
hall,2,11,4330,4330,4330,1.0,-0.3926345407962799,0.01964610066264868,0.05063199810683727,0.10906310126185419,0.20269522070884705
hall,2,12,4330,4330,4330,1.0,-0.15887543559074402,0.015911170970648526,0.05080609396100044,0.10708089113235476,0.24538761377334595
hall,2,13,4330,4330,4330,1.0,-0.06100932136178017,0.021448877472430468,0.05040288530290127,0.10557448163628581,0.2674117684364319
hall,2,14,4330,4330,4330,1.0,-0.10951221734285355,0.01832994308322668,0.05062271095812321,0.10633037813007833,0.18848760426044464
hall,2,15,4330,4330,4330,1.0,-0.1568627655506134,0.02031849941238761,0.050243280827999115,0.1006651806086302,0.43485400080680847
hall,2,16,4330,4330,4330,1.0,-0.09316489100456238,0.017211520280689,0.050015922635793686,0.10566856645047665,0.3893079161643982
hall,2,17,4330,4330,4330,1.0,-0.03656085580587387,0.02051474681124091,0.05055570788681507,0.1011815107613802,0.5661481618881226
hall,2,18,4330,4330,4330,1.0,-0.052298273891210556,0.019463330172002316,0.050088655203580856,0.10510234139859677,0.3456014096736908
hall,2,19,4330,4330,4330,1.0,-0.04755784943699837,0.019604780320078133,0.05072155222296715,0.1091521529108286,0.5270314812660217
hall,2,20,4330,4330,4330,1.0,-0.3272864520549774,0.019078913051635026,0.050844643265008926,0.10489519052207474,0.17392165958881378
hall,2,21,4330,4330,4330,1.0,-0.1842711865901947,0.017242541164159776,0.050781385973095894,0.10638513818383218,0.49974316358566284
hall,2,22,4330,4330,4330,1.0,-0.20138989388942719,0.02091916536912322,0.05052383430302143,0.10887889377772811,0.20780324935913086
hall,2,23,4330,4330,4330,1.0,-0.0894925594329834,0.0165066017024219,0.05112316459417343,0.10628355443477631,0.3185281753540039
hall,2,24,4330,4330,4330,1.0,-0.2547292113304138,0.01910206289961934,0.05088609643280506,0.10555836699903014,0.28334301710128784
hall,2,25,4330,4330,4330,1.0,-0.04843105748295784,0.017519215941429137,0.04984421655535698,0.10890154920518398,0.3659118115901947
hall,2,26,4330,4330,4330,1.0,-0.061552744358778,0.0179705342464149,0.050131216645240784,0.10320495635271075,0.7359826564788818
hall,2,27,4330,4330,4330,1.0,-0.08884607255458832,0.015070823803544044,0.05026104487478733,0.10167600445449354,0.26420459151268005
hall,2,28,4330,4330,4330,1.0,-0.07795197516679764,0.01586897959932685,0.04940660297870636,0.10601847834885121,0.32523229718208313
hall,2,29,4330,4330,4330,1.0,-0.07774476706981659,0.018093711007386444,0.04941853694617748,0.104745442122221,0.268525093793869
hall,3,0,4330,4330,4330,1.0,0.0,0.0,0.0,0.0,0.0
hall,3,1,4330,4330,4330,1.0,0.0,0.0,0.0,0.0,0.0
hall,3,2,4330,4330,4330,1.0,0.0,0.0,0.0,0.0,0.0
hall,3,3,4330,4330,4330,1.0,0.0,0.0,0.0,0.0,0.0
hall,3,4,4330,4330,4330,1.0,0.0,0.0,0.0,0.0,0.0
hall,3,5,4330,4330,4330,1.0,0.0,0.0,0.0,0.0,0.0
hall,3,6,4330,4330,4330,1.0,0.0,0.0,0.0,0.0,0.0
hall,3,7,4330,4330,4330,1.0,0.0,0.0,0.0,0.0,0.0
hall,3,8,4330,4330,4330,1.0,0.0,0.0,0.0,0.0,0.0
hall,3,9,4330,4330,4330,1.0,0.0,0.0,0.0,0.0,0.0
hall,3,10,4330,4330,4330,1.0,0.0,0.0,0.0,0.0,0.0
hall,3,11,4330,4330,4330,1.0,0.0,0.0,0.0,0.0,0.0
hall,3,12,4330,4330,4330,1.0,0.0,0.0,0.0,0.0,0.0
hall,3,13,4330,4330,4330,1.0,0.0,0.0,0.0,0.0,0.0
hall,3,14,4330,4330,4330,1.0,0.0,0.0,0.0,0.0,0.0
hall,3,15,4330,4330,4330,1.0,0.0,0.0,0.0,0.0,0.0
hall,3,16,4330,4330,4330,1.0,0.0,0.0,0.0,0.0,0.0
hall,3,17,4330,4330,4330,1.0,0.0,0.0,0.0,0.0,0.0
hall,3,18,4330,4330,4330,1.0,0.0,0.0,0.0,0.0,0.0
hall,3,19,4330,4330,4330,1.0,0.0,0.0,0.0,0.0,0.0
hall,3,20,4330,4330,4330,1.0,0.0,0.0,0.0,0.0,0.0
hall,3,21,4330,4330,4330,1.0,0.0,0.0,0.0,0.0,0.0
hall,3,22,4330,4330,4330,1.0,0.0,0.0,0.0,0.0,0.0
hall,3,23,4330,4330,4330,1.0,0.0,0.0,0.0,0.0,0.0
hall,3,24,4330,4330,4330,1.0,0.0,0.0,0.0,0.0,0.0
hall,3,25,4330,4330,4330,1.0,0.0,0.0,0.0,0.0,0.0
hall,3,26,4330,4330,4330,1.0,0.0,0.0,0.0,0.0,0.0
hall,3,27,4330,4330,4330,1.0,0.0,0.0,0.0,0.0,0.0
hall,3,28,4330,4330,4330,1.0,0.0,0.0,0.0,0.0,0.0
hall,3,29,4330,4330,4330,1.0,0.0,0.0,0.0,0.0,0.0
hall,4,0,4330,4330,4330,1.0,0.04735283553600311,0.05569702722132206,0.07031092047691345,0.09722155645489694,0.11202458292245865
hall,4,1,4330,4330,4330,1.0,0.05310025438666344,0.05596863523125648,0.06990178674459457,0.09790606237947941,0.32402005791664124
hall,4,2,4330,4330,4330,1.0,0.04886174574494362,0.055429000258445736,0.0698978379368782,0.0978465694189072,0.11438120901584625
hall,4,3,4330,4330,4330,1.0,0.05023212358355522,0.055968496948480606,0.06975129246711731,0.09722182013094427,0.11092112958431244
hall,4,4,4330,4330,4330,1.0,0.04615795612335205,0.05498532500118017,0.07037189602851868,0.09768627688288689,0.1717367023229599
hall,4,5,4330,4330,4330,1.0,0.05023212358355522,0.0549846151843667,0.06960233300924301,0.0973441594094038,0.11341652274131775
hall,4,6,4330,4330,4330,1.0,0.0487770177423954,0.054816681891679764,0.07031092047691345,0.0975116539746523,0.11712200939655304
hall,4,7,4330,4330,4330,1.0,0.051826171576976776,0.055969446897506714,0.07031212002038956,0.0977125757932663,0.12123686075210571
hall,4,8,4330,4330,4330,1.0,0.04887520521879196,0.055969446897506714,0.07041111588478088,0.09827680103480815,0.3365381956100464
hall,4,9,4330,4330,4330,1.0,0.04928489029407501,0.055007753670215605,0.07055581361055374,0.09793627075850964,0.1200176402926445
hall,4,10,4330,4330,4330,1.0,0.05039617791771889,0.054987046867609024,0.07055581361055374,0.09825830928981304,0.19144782423973083
hall,4,11,4330,4330,4330,1.0,0.05172501876950264,0.05595514550805092,0.0704285129904747,0.0985083205997944,0.11880933493375778
hall,4,12,4330,4330,4330,1.0,0.04886133223772049,0.05478297919034958,0.06962021067738533,0.09763831578195095,0.12880422174930573
hall,4,13,4330,4330,4330,1.0,0.04887686297297478,0.055282586403191086,0.06963986903429031,0.09703515335917473,0.34702035784721375
hall,4,14,4330,4330,4330,1.0,0.0516471266746521,0.0559691109880805,0.06981182843446732,0.09754182264208794,0.13195867836475372
hall,4,15,4330,4330,4330,1.0,0.0487770177423954,0.055968496948480606,0.06990119442343712,0.09967789828777314,0.11628374457359314
hall,4,16,4330,4330,4330,1.0,0.051633499562740326,0.055968496948480606,0.07029356062412262,0.09664681680500509,0.1490621715784073
hall,4,17,4330,4330,4330,1.0,0.05164625123143196,0.055968496948480606,0.07034138590097427,0.09904092997312545,0.12105321139097214
hall,4,18,4330,4330,4330,1.0,0.0488496795296669,0.05521231144666672,0.07042791694402695,0.0978789032995701,0.11274487525224686
hall,4,19,4330,4330,4330,1.0,0.04921628162264824,0.05595480959862471,0.0702938549220562,0.09802623316645623,0.3383805751800537
hall,4,20,4330,4330,4330,1.0,0.04921586439013481,0.055211512520909306,0.06980320811271667,0.09769912138581276,0.18697106838226318
hall,4,21,4330,4330,4330,1.0,0.04921377822756767,0.055968496948480606,0.07031212002038956,0.09792389065027238,0.17553286254405975
hall,4,22,4330,4330,4330,1.0,0.05076098069548607,0.05595514550805092,0.07031092047691345,0.09796272911131385,0.11520322412252426
hall,4,23,4330,4330,4330,1.0,0.05040751025080681,0.05499326426535845,0.06962021067738533,0.09816395178437234,0.330665647983551
hall,4,24,4330,4330,4330,1.0,0.05023127421736717,0.056115396320819855,0.07031092047691345,0.09888534538447859,0.11375077813863754
hall,4,25,4330,4330,4330,1.0,0.05059587210416794,0.05595874302089214,0.06969663873314857,0.09643678851425648,0.3310343325138092
hall,4,26,4330,4330,4330,1.0,0.04886133223772049,0.05472802121192217,0.07031121850013733,0.09792201891541481,0.19777336716651917
hall,4,27,4330,4330,4330,1.0,0.049031928181648254,0.055062373280525205,0.07029414921998978,0.09832067690789703,0.19156485795974731
hall,4,28,4330,4330,4330,1.0,0.05190472677350044,0.055968496948480606,0.07031212002038956,0.09839091509580612,0.1276901513338089
hall,4,29,4330,4330,4330,1.0,0.04912905767560005,0.055007606744766235,0.0704273208975792,0.09705365881323814,0.10961410403251648
hall,5,0,4330,4330,4330,1.0,0.0,0.0,0.0,0.0,0.0
hall,5,1,4330,4330,4330,1.0,0.0,0.0,0.0,0.0,0.0
hall,5,2,4330,4330,4330,1.0,0.0,0.0,0.0,0.0,0.0
hall,5,3,4330,4330,4330,1.0,0.0,0.0,0.0,0.0,0.0
hall,5,4,4330,4330,4330,1.0,0.0,0.0,0.0,0.0,0.0
hall,5,5,4330,4330,4330,1.0,0.0,0.0,0.0,0.0,0.0
hall,5,6,4330,4330,4330,1.0,0.0,0.0,0.0,0.0,0.0
hall,5,7,4330,4330,4330,1.0,0.0,0.0,0.0,0.0,0.0
hall,5,8,4330,4330,4330,1.0,0.0,0.0,0.0,0.0,0.0
hall,5,9,4330,4330,4330,1.0,0.0,0.0,0.0,0.0,0.0
hall,5,10,4330,4330,4330,1.0,0.0,0.0,0.0,0.0,0.0
hall,5,11,4330,4330,4330,1.0,0.0,0.0,0.0,0.0,0.0
hall,5,12,4330,4330,4330,1.0,0.0,0.0,0.0,0.0,0.0
hall,5,13,4330,4330,4330,1.0,0.0,0.0,0.0,0.0,0.0
hall,5,14,4330,4330,4330,1.0,0.0,0.0,0.0,0.0,0.0
hall,5,15,4330,4330,4330,1.0,0.0,0.0,0.0,0.0,0.0
hall,5,16,4330,4330,4330,1.0,0.0,0.0,0.0,0.0,0.0
hall,5,17,4330,4330,4330,1.0,0.0,0.0,0.0,0.0,0.0
hall,5,18,4330,4330,4330,1.0,0.0,0.0,0.0,0.0,0.0
hall,5,19,4330,4330,4330,1.0,0.0,0.0,0.0,0.0,0.0
hall,5,20,4330,4330,4330,1.0,0.0,0.0,0.0,0.0,0.0
hall,5,21,4330,4330,4330,1.0,0.0,0.0,0.0,0.0,0.0
hall,5,22,4330,4330,4330,1.0,0.0,0.0,0.0,0.0,0.0
hall,5,23,4330,4330,4330,1.0,0.0,0.0,0.0,0.0,0.0
hall,5,24,4330,4330,4330,1.0,0.0,0.0,0.0,0.0,0.0
hall,5,25,4330,4330,4330,1.0,0.0,0.0,0.0,0.0,0.0
hall,5,26,4330,4330,4330,1.0,0.0,0.0,0.0,0.0,0.0
hall,5,27,4330,4330,4330,1.0,0.0,0.0,0.0,0.0,0.0
hall,5,28,4330,4330,4330,1.0,0.0,0.0,0.0,0.0,0.0
hall,5,29,4330,4330,4330,1.0,0.0,0.0,0.0,0.0,0.0
hall,6,0,4330,4330,4330,1.0,0.0,0.0,0.0,0.0,0.0
hall,6,1,4330,4330,4330,1.0,0.0,0.0,0.0,0.0,0.0
hall,6,2,4330,4330,4330,1.0,0.0,0.0,0.0,0.0,0.0
hall,6,3,4330,4330,4330,1.0,0.0,0.0,0.0,0.0,0.0
hall,6,4,4330,4330,4330,1.0,0.0,0.0,0.0,0.0,0.0
hall,6,5,4330,4330,4330,1.0,0.0,0.0,0.0,0.0,0.0
hall,6,6,4330,4330,4330,1.0,0.0,0.0,0.0,0.0,0.0
hall,6,7,4330,4330,4330,1.0,0.0,0.0,0.0,0.0,0.0
hall,6,8,4330,4330,4330,1.0,0.0,0.0,0.0,0.0,0.0
hall,6,9,4330,4330,4330,1.0,0.0,0.0,0.0,0.0,0.0
hall,6,10,4330,4330,4330,1.0,0.0,0.0,0.0,0.0,0.0
hall,6,11,4330,4330,4330,1.0,0.0,0.0,0.0,0.0,0.0
hall,6,12,4330,4330,4330,1.0,0.0,0.0,0.0,0.0,0.0
hall,6,13,4330,4330,4330,1.0,0.0,0.0,0.0,0.0,0.0
hall,6,14,4330,4330,4330,1.0,0.0,0.0,0.0,0.0,0.0
hall,6,15,4330,4330,4330,1.0,0.0,0.0,0.0,0.0,0.0
hall,6,16,4330,4330,4330,1.0,0.0,0.0,0.0,0.0,0.0
hall,6,17,4330,4330,4330,1.0,0.0,0.0,0.0,0.0,0.0
hall,6,18,4330,4330,4330,1.0,0.0,0.0,0.0,0.0,0.0
hall,6,19,4330,4330,4330,1.0,0.0,0.0,0.0,0.0,0.0
hall,6,20,4330,4330,4330,1.0,0.0,0.0,0.0,0.0,0.0
hall,6,21,4330,4330,4330,1.0,0.0,0.0,0.0,0.0,0.0
hall,6,22,4330,4330,4330,1.0,0.0,0.0,0.0,0.0,0.0
hall,6,23,4330,4330,4330,1.0,0.0,0.0,0.0,0.0,0.0
hall,6,24,4330,4330,4330,1.0,0.0,0.0,0.0,0.0,0.0
hall,6,25,4330,4330,4330,1.0,0.0,0.0,0.0,0.0,0.0
hall,6,26,4330,4330,4330,1.0,0.0,0.0,0.0,0.0,0.0
hall,6,27,4330,4330,4330,1.0,0.0,0.0,0.0,0.0,0.0
hall,6,28,4330,4330,4330,1.0,0.0,0.0,0.0,0.0,0.0
hall,6,29,4330,4330,4330,1.0,0.0,0.0,0.0,0.0,0.0
hall,7,0,4330,4330,4330,1.0,0.0,0.0,0.0,4096.0,4096.0
hall,7,1,4330,4330,0,0.0,nan,nan,nan,nan,nan
hall,7,2,4330,4330,0,0.0,nan,nan,nan,nan,nan
hall,7,3,4330,4330,0,0.0,nan,nan,nan,nan,nan
hall,7,4,4330,4330,0,0.0,nan,nan,nan,nan,nan
hall,7,5,4330,4330,0,0.0,nan,nan,nan,nan,nan
hall,7,6,4330,4330,0,0.0,nan,nan,nan,nan,nan
hall,7,7,4330,4330,0,0.0,nan,nan,nan,nan,nan
hall,7,8,4330,4330,0,0.0,nan,nan,nan,nan,nan
hall,7,9,4330,4330,0,0.0,nan,nan,nan,nan,nan
hall,7,10,4330,4330,0,0.0,nan,nan,nan,nan,nan
hall,7,11,4330,4330,0,0.0,nan,nan,nan,nan,nan
hall,7,12,4330,4330,0,0.0,nan,nan,nan,nan,nan
hall,7,13,4330,4330,0,0.0,nan,nan,nan,nan,nan
hall,7,14,4330,4330,0,0.0,nan,nan,nan,nan,nan
hall,7,15,4330,4330,0,0.0,nan,nan,nan,nan,nan
hall,7,16,4330,4330,0,0.0,nan,nan,nan,nan,nan
hall,7,17,4330,4330,0,0.0,nan,nan,nan,nan,nan
hall,7,18,4330,4330,0,0.0,nan,nan,nan,nan,nan
hall,7,19,4330,4330,0,0.0,nan,nan,nan,nan,nan
hall,7,20,4330,4330,0,0.0,nan,nan,nan,nan,nan
hall,7,21,4330,4330,0,0.0,nan,nan,nan,nan,nan
hall,7,22,4330,4330,0,0.0,nan,nan,nan,nan,nan
hall,7,23,4330,4330,0,0.0,nan,nan,nan,nan,nan
hall,7,24,4330,4330,0,0.0,nan,nan,nan,nan,nan
hall,7,25,4330,4330,0,0.0,nan,nan,nan,nan,nan
hall,7,26,4330,4330,0,0.0,nan,nan,nan,nan,nan
hall,7,27,4330,4330,0,0.0,nan,nan,nan,nan,nan
hall,7,28,4330,4330,0,0.0,nan,nan,nan,nan,nan
hall,7,29,4330,4330,0,0.0,nan,nan,nan,nan,nan
tunnel,0,0,4330,4330,4330,1.0,0.023030532523989677,0.4174383836984634,3.6656124591827393,16.68790798187256,23.98717498779297
tunnel,0,1,4330,4330,4330,1.0,-0.1013234406709671,0.47403972774744035,4.032958269119263,17.210098133087158,25.28569793701172
tunnel,0,2,4330,4330,4330,1.0,0.04513802379369736,0.5488299477100372,4.432209491729736,17.643918018341065,27.818912506103516
tunnel,0,3,4330,4330,4330,1.0,-0.8860543966293335,0.5779838699102402,4.6311540603637695,18.265998153686525,24.301509857177734
tunnel,0,4,4330,4330,4330,1.0,0.06727180629968643,0.6023845779895782,4.755386114120483,18.22210008621217,25.1473388671875
tunnel,0,5,4330,4330,4330,1.0,0.02968599647283554,0.6438560700416565,4.641204357147217,17.7373405456543,26.232707977294922
tunnel,0,6,4330,4330,4330,1.0,0.02459653839468956,0.625755351781845,4.730662822723389,17.77575212478638,24.57709312438965
tunnel,0,7,4330,4330,4330,1.0,0.08605942875146866,0.6982887780666351,4.703485488891602,17.773970794677737,24.22642707824707
tunnel,0,8,4330,4330,4330,1.0,0.09927859902381897,0.6371216833591461,4.753182888031006,18.21418640136719,28.003135681152344
tunnel,0,9,4330,4330,4330,1.0,0.05296541750431061,0.6372296315431595,4.76474666595459,17.965259571075446,25.679840087890625
tunnel,0,10,4330,4330,4330,1.0,0.052620794624090195,0.5700889164209366,4.651520729064941,17.590792655944828,26.854862213134766
tunnel,0,11,4330,4330,4330,1.0,0.09584569931030273,0.5954691231250763,4.6551594734191895,17.51607397079468,26.025554656982422
tunnel,0,12,4330,4330,4330,1.0,0.036689724773168564,0.6021481019258499,4.6280317306518555,18.007111415863037,23.013519287109375
tunnel,0,13,4330,4330,4330,1.0,0.1056036576628685,0.6327105522155761,4.726927280426025,17.735434570312503,27.45329475402832
tunnel,0,14,4330,4330,4330,1.0,0.002666383981704712,0.6101641845703125,4.864114761352539,17.959956665039066,25.618013381958008
tunnel,0,15,4330,4330,4330,1.0,0.069879449903965,0.7451032423973083,4.700794458389282,17.86890106201172,24.468488693237305
tunnel,0,16,4330,4330,4330,1.0,-0.008689671754837036,0.5921427124738693,4.805409908294678,17.996513671875,24.663314819335938
tunnel,0,17,4330,4330,4330,1.0,-0.41438028216362,0.675742751955986,4.645314455032349,17.636084365844727,26.39984703063965
tunnel,0,18,4330,4330,4330,1.0,0.05114738270640373,0.5580664372444153,4.6802685260772705,16.5965308380127,24.24919319152832
tunnel,0,19,4330,4330,4330,1.0,0.05231592804193497,0.5383543348312377,4.639820098876953,17.99567333221436,26.460813522338867
tunnel,0,20,4330,4330,4330,1.0,0.08993061631917953,0.6354699105024337,4.581981420516968,16.768295707702638,26.00387954711914
tunnel,0,21,4330,4330,4330,1.0,0.1121465414762497,0.5766221207380294,4.524294137954712,17.407384986877442,24.595111846923828
tunnel,0,22,4330,4330,4330,1.0,0.09584327787160873,0.6411971789598465,4.62849235534668,17.11076768875122,23.32197380065918
tunnel,0,23,4330,4330,4330,1.0,0.07878666371107101,0.594158508181572,4.419549942016602,17.25987079620362,26.204425811767578
tunnel,0,24,4330,4330,4330,1.0,-0.09450019150972366,0.5291355931758881,4.487952947616577,16.211954917907715,24.03767204284668
tunnel,0,25,4330,4330,4330,1.0,-0.4218900799751282,0.5562535738945007,4.514592170715332,16.439512557983402,21.786842346191406
tunnel,0,26,4330,4330,4330,1.0,0.06108645722270012,0.5728294557332992,4.554365396499634,16.031000804901122,21.83929443359375
tunnel,0,27,4330,4330,4330,1.0,-0.27272355556488037,0.562383450269699,4.546345472335815,16.359241218566897,22.805217742919922
tunnel,0,28,4330,4330,4330,1.0,0.0301786158233881,0.5117780470848083,4.587830066680908,16.106159763336187,20.951404571533203
tunnel,0,29,4330,4330,4330,1.0,-0.014422710984945297,0.5834508037567139,4.516458749771118,16.649007911682133,23.48172378540039
tunnel,1,0,4330,4330,4330,1.0,0.0,0.0,0.0,0.0,0.0
tunnel,1,1,4330,4330,4330,1.0,0.0,0.0,0.0,0.0,0.0
tunnel,1,2,4330,4330,4330,1.0,0.0,0.0,0.0,0.0,0.0
tunnel,1,3,4330,4330,4330,1.0,0.0,0.0,0.0,0.0,0.0
tunnel,1,4,4330,4330,4330,1.0,0.0,0.0,0.0,0.0,0.0
tunnel,1,5,4330,4330,4330,1.0,0.0,0.0,0.0,0.0,0.0
tunnel,1,6,4330,4330,4330,1.0,0.0,0.0,0.0,0.0,0.0
tunnel,1,7,4330,4330,4330,1.0,0.0,0.0,0.0,0.0,0.0
tunnel,1,8,4330,4330,4330,1.0,0.0,0.0,0.0,0.0,0.0
tunnel,1,9,4330,4330,4330,1.0,0.0,0.0,0.0,0.0,0.0
tunnel,1,10,4330,4330,4330,1.0,0.0,0.0,0.0,0.0,0.0
tunnel,1,11,4330,4330,4330,1.0,0.0,0.0,0.0,0.0,0.0
tunnel,1,12,4330,4330,4330,1.0,0.0,0.0,0.0,0.0,0.0
tunnel,1,13,4330,4330,4330,1.0,0.0,0.0,0.0,0.0,0.0
tunnel,1,14,4330,4330,4330,1.0,0.0,0.0,0.0,0.0,0.0
tunnel,1,15,4330,4330,4330,1.0,0.0,0.0,0.0,0.0,0.0
tunnel,1,16,4330,4330,4330,1.0,0.0,0.0,0.0,0.0,0.0
tunnel,1,17,4330,4330,4330,1.0,0.0,0.0,0.0,0.0,0.0
tunnel,1,18,4330,4330,4330,1.0,0.0,0.0,0.0,0.0,0.0
tunnel,1,19,4330,4330,4330,1.0,0.0,0.0,0.0,0.0,0.0
tunnel,1,20,4330,4330,4330,1.0,0.0,0.0,0.0,0.0,0.0
tunnel,1,21,4330,4330,4330,1.0,0.0,0.0,0.0,0.0,0.0
tunnel,1,22,4330,4330,4330,1.0,0.0,0.0,0.0,0.0,0.0
tunnel,1,23,4330,4330,4330,1.0,0.0,0.0,0.0,0.0,0.0
tunnel,1,24,4330,4330,4330,1.0,0.0,0.0,0.0,0.0,0.0
tunnel,1,25,4330,4330,4330,1.0,0.0,0.0,0.0,0.0,0.0
tunnel,1,26,4330,4330,4330,1.0,0.0,0.0,0.0,0.0,0.0
tunnel,1,27,4330,4330,4330,1.0,0.0,0.0,0.0,0.0,0.0
tunnel,1,28,4330,4330,4330,1.0,0.0,0.0,0.0,0.0,0.0
tunnel,1,29,4330,4330,4330,1.0,0.0,0.0,0.0,0.0,0.0
tunnel,2,0,4330,4330,4330,1.0,-13.080000877380371,-2.6703718662261964,0.03688960336148739,1.8497383224964146,6.532769680023193
tunnel,2,1,4330,4330,4330,1.0,-13.27608871459961,-2.2270020914077757,0.04772363789379597,1.8527134728431702,12.898088455200195
tunnel,2,2,4330,4330,4330,1.0,-9.370078086853027,-1.7918080079555512,0.061196764931082726,1.6172617959976208,8.278932571411133
tunnel,2,3,4330,4330,4330,1.0,-14.558823585510254,-2.0908192777633667,0.042811695486307144,1.5478600955009463,8.962264060974121
tunnel,2,4,4330,4330,4330,1.0,-8.451537132263184,-1.7823317992687226,0.046722738072276115,1.4598072731494904,7.785325527191162
tunnel,2,5,4330,4330,4330,1.0,-5.786933422088623,-1.7439805829524995,0.052166931331157684,1.384584292173386,12.223737716674805
tunnel,2,6,4330,4330,4330,1.0,-14.63325309753418,-1.737887796163559,0.07169544696807861,1.6973859882354745,11.91964340209961
tunnel,2,7,4330,4330,4330,1.0,-12.08450698852539,-1.6476444208621979,0.06838084012269974,1.4571241140365614,3.9360880851745605
tunnel,2,8,4330,4330,4330,1.0,-10.9180326461792,-1.791816020011902,0.05292515456676483,1.449827926158905,10.407166481018066
tunnel,2,9,4330,4330,4330,1.0,-7.460692405700684,-1.7740826725959777,0.047552164644002914,1.6230989348888398,5.947562217712402
tunnel,2,10,4330,4330,4330,1.0,-13.706068992614746,-1.8698059976100923,0.05401376448571682,1.5593939948081985,5.718749523162842
tunnel,2,11,4330,4330,4330,1.0,-8.25281810760498,-1.9018505454063415,0.05912404879927635,1.4106572711467753,5.21410608291626
tunnel,2,12,4330,4330,4330,1.0,-13.507339477539062,-1.7211366605758667,0.0639428123831749,1.5622494995594032,9.102041244506836
tunnel,2,13,4330,4330,4330,1.0,-6.547518730163574,-1.7628767395019531,0.062104878947138786,1.4706282222270974,13.20224666595459
tunnel,2,14,4330,4330,4330,1.0,-9.187081336975098,-1.8676066601276398,0.05999831296503544,1.5048476052284252,5.921817779541016
tunnel,2,15,4330,4330,4330,1.0,-12.885907173156738,-1.8806854021549224,0.06333136186003685,1.4243148994445805,4.084720134735107
tunnel,2,16,4330,4330,4330,1.0,-5.757660388946533,-1.7903637182712555,0.05710035376250744,1.5512543272972108,11.84975814819336
tunnel,2,17,4330,4330,4330,1.0,-11.092681884765625,-1.7984994697570802,0.04139353148639202,1.4726509749889376,7.504408836364746
tunnel,2,18,4330,4330,4330,1.0,-10.947868347167969,-1.720267767906189,0.06546500697731972,1.3787655377388004,10.91576862335205
tunnel,2,19,4330,4330,4330,1.0,-9.852069854736328,-1.7470630669593812,0.0607436690479517,1.5659642922878265,7.013574123382568
tunnel,2,20,4330,4330,4330,1.0,-13.95348834991455,-1.6924688351154327,0.06478704884648323,1.4325164079666142,7.254293918609619
tunnel,2,21,4330,4330,4330,1.0,-12.023999214172363,-2.046334207057953,0.050138479098677635,1.4865982961654667,8.641433715820312
tunnel,2,22,4330,4330,4330,1.0,-8.30980110168457,-1.7154175877571105,0.049863550812006,1.4886433446407321,11.771772384643555
tunnel,2,23,4330,4330,4330,1.0,-5.78462553024292,-1.9068418633937836,0.05186065472662449,1.6774150979518891,4.961202621459961
tunnel,2,24,4330,4330,4330,1.0,-12.759407997131348,-1.6669280445575714,0.05399867706000805,1.4259534287452702,12.460317611694336
tunnel,2,25,4330,4330,4330,1.0,-12.280899047851562,-1.658629298210144,0.0489805992692709,1.5865768587589275,10.266789436340332
tunnel,2,26,4330,4330,4330,1.0,-9.277108192443848,-1.772652691602707,0.0555914007127285,1.597499030828476,5.556186199188232
tunnel,2,27,4330,4330,4330,1.0,-9.025369644165039,-1.9009213089942931,0.06031010486185551,1.6867108058929456,8.71444034576416
tunnel,2,28,4330,4330,4330,1.0,-10.714284896850586,-1.9246004116535187,0.07158651575446129,1.7358828258514405,5.821401596069336
tunnel,2,29,4330,4330,4330,1.0,-11.218486785888672,-1.7111315715312958,0.05109861120581627,1.3609326338768009,5.090909481048584
tunnel,3,0,4330,4330,4330,1.0,0.0,0.0,0.0,0.0,0.0
tunnel,3,1,4330,4330,4330,1.0,0.0,0.0,0.0,0.0,0.0
tunnel,3,2,4330,4330,4330,1.0,0.0,0.0,0.0,0.0,0.0
tunnel,3,3,4330,4330,4330,1.0,0.0,0.0,0.0,0.0,0.0
tunnel,3,4,4330,4330,4330,1.0,0.0,0.0,0.0,0.0,0.0
tunnel,3,5,4330,4330,4330,1.0,0.0,0.0,0.0,0.0,0.0
tunnel,3,6,4330,4330,4330,1.0,0.0,0.0,0.0,0.0,0.0
tunnel,3,7,4330,4330,4330,1.0,0.0,0.0,0.0,0.0,0.0
tunnel,3,8,4330,4330,4330,1.0,0.0,0.0,0.0,0.0,0.0
tunnel,3,9,4330,4330,4330,1.0,0.0,0.0,0.0,0.0,0.0
tunnel,3,10,4330,4330,4330,1.0,0.0,0.0,0.0,0.0,0.0
tunnel,3,11,4330,4330,4330,1.0,0.0,0.0,0.0,0.0,0.0
tunnel,3,12,4330,4330,4330,1.0,0.0,0.0,0.0,0.0,0.0
tunnel,3,13,4330,4330,4330,1.0,0.0,0.0,0.0,0.0,0.0
tunnel,3,14,4330,4330,4330,1.0,0.0,0.0,0.0,0.0,0.0
tunnel,3,15,4330,4330,4330,1.0,0.0,0.0,0.0,0.0,0.0
tunnel,3,16,4330,4330,4330,1.0,0.0,0.0,0.0,0.0,0.0
tunnel,3,17,4330,4330,4330,1.0,0.0,0.0,0.0,0.0,0.0
tunnel,3,18,4330,4330,4330,1.0,0.0,0.0,0.0,0.0,0.0
tunnel,3,19,4330,4330,4330,1.0,0.0,0.0,0.0,0.0,0.0
tunnel,3,20,4330,4330,4330,1.0,0.0,0.0,0.0,0.0,0.0
tunnel,3,21,4330,4330,4330,1.0,0.0,0.0,0.0,0.0,0.0
tunnel,3,22,4330,4330,4330,1.0,0.0,0.0,0.0,0.0,0.0
tunnel,3,23,4330,4330,4330,1.0,0.0,0.0,0.0,0.0,0.0
tunnel,3,24,4330,4330,4330,1.0,0.0,0.0,0.0,0.0,0.0
tunnel,3,25,4330,4330,4330,1.0,0.0,0.0,0.0,0.0,0.0
tunnel,3,26,4330,4330,4330,1.0,0.0,0.0,0.0,0.0,0.0
tunnel,3,27,4330,4330,4330,1.0,0.0,0.0,0.0,0.0,0.0
tunnel,3,28,4330,4330,4330,1.0,0.0,0.0,0.0,0.0,0.0
tunnel,3,29,4330,4330,4330,1.0,0.0,0.0,0.0,0.0,0.0
tunnel,4,0,4330,4330,4330,1.0,0.27079999446868896,0.3054236310720444,0.3685529828071594,0.4735531091690064,0.6052169799804688
tunnel,4,1,4330,4330,4330,1.0,0.2796282470226288,0.3038933631777763,0.36950500309467316,0.45987123996019363,2.0439507961273193
tunnel,4,2,4330,4330,4330,1.0,0.27962350845336914,0.30543458998203277,0.36918696761131287,0.46838417410850525,2.0610511302948
tunnel,4,3,4330,4330,4330,1.0,0.2804495692253113,0.30428567349910735,0.36950811743736267,0.4629794740676881,2.10618257522583
tunnel,4,4,4330,4330,4330,1.0,0.28290215134620667,0.3120328035950661,0.3694968819618225,0.46758343875408176,2.072643518447876
tunnel,4,5,4330,4330,4330,1.0,0.2796282470226288,0.3086735692620277,0.3694968819618225,0.4654557406902313,1.9089833498001099
tunnel,4,6,4330,4330,4330,1.0,0.2905230224132538,0.31201478838920593,0.3691900670528412,0.4623316714167595,1.8713805675506592
tunnel,4,7,4330,4330,4330,1.0,0.28044721484184265,0.3042947295308113,0.3697109818458557,0.4674987494945526,1.1727315187454224
tunnel,4,8,4330,4330,4330,1.0,0.26005759835243225,0.30545035004615784,0.3691900670528412,0.4675037854909897,0.5318644046783447
tunnel,4,9,4330,4330,4330,1.0,0.27962589263916016,0.30387579649686813,0.3694968819618225,0.46383954405784605,2.0988924503326416
tunnel,4,10,4330,4330,4330,1.0,0.262734055519104,0.30414990544319154,0.3694937825202942,0.4681293493509293,1.9009922742843628
tunnel,4,11,4330,4330,4330,1.0,0.28158530592918396,0.30418771505355835,0.36967435479164124,0.4704747372865677,1.9054062366485596
tunnel,4,12,4330,4330,4330,1.0,0.28040188550949097,0.30423089683055876,0.36967435479164124,0.4654624590277672,0.5744823217391968
tunnel,4,13,4330,4330,4330,1.0,0.28161320090293884,0.30435206085443495,0.36967435479164124,0.46973606139421464,1.948760986328125
tunnel,4,14,4330,4330,4330,1.0,0.27966251969337463,0.3042213878035545,0.36950188875198364,0.464362832903862,2.08678936958313
tunnel,4,15,4330,4330,4330,1.0,0.28048160672187805,0.3054509463906288,0.3682285100221634,0.4725672933459282,0.6131439805030823
tunnel,4,16,4330,4330,4330,1.0,0.2815900444984436,0.3045385760068893,0.3685529828071594,0.46817260622978213,1.3676561117172241
tunnel,4,17,4330,4330,4330,1.0,0.26908379793167114,0.30480449825525285,0.369509682059288,0.46602092623710634,1.960479497909546
tunnel,4,18,4330,4330,4330,1.0,0.2804519534111023,0.3041884583234787,0.3691900670528412,0.4651772737503052,2.0275259017944336
tunnel,4,19,4330,4330,4330,1.0,0.2804495692253113,0.30480267852544785,0.36967435479164124,0.4681306037306786,0.5740392804145813
tunnel,4,20,4330,4330,4330,1.0,0.28048160672187805,0.3068553575873375,0.36967435479164124,0.4651676002144814,2.2757418155670166
tunnel,4,21,4330,4330,4330,1.0,0.29057735204696655,0.30545035004615784,0.36950811743736267,0.4681293493509293,2.0376079082489014
tunnel,4,22,4330,4330,4330,1.0,0.26275834441185,0.30376463949680327,0.36886176466941833,0.46384904116392134,2.0721044540405273
tunnel,4,23,4330,4330,4330,1.0,0.2820664644241333,0.3066687962412834,0.3695112466812134,0.46762850880622864,1.6763757467269897
tunnel,4,24,4330,4330,4330,1.0,0.28158530592918396,0.30685046315193176,0.36918696761131287,0.4702132868766785,0.8531343340873718
tunnel,4,25,4330,4330,4330,1.0,0.2796282470226288,0.3066722533106804,0.3691900670528412,0.4602784517407417,2.1536734104156494
tunnel,4,26,4330,4330,4330,1.0,0.2829107344150543,0.304537832736969,0.36917760968208313,0.4667586979269982,2.096140146255493
tunnel,4,27,4330,4330,4330,1.0,0.27531078457832336,0.3042213878035545,0.3691900670528412,0.4651772737503052,1.9673707485198975
tunnel,4,28,4330,4330,4330,1.0,0.28048160672187805,0.30315083265304565,0.36967748403549194,0.4681314063072205,2.0454421043395996
tunnel,4,29,4330,4330,4330,1.0,0.28266724944114685,0.3069660496711731,0.36968061327934265,0.46965475171804427,0.5559321641921997
tunnel,5,0,4330,4330,4330,1.0,0.0,0.0,0.0,0.0,0.0
tunnel,5,1,4330,4330,4330,1.0,0.0,0.0,0.0,0.0,0.0
tunnel,5,2,4330,4330,4330,1.0,0.0,0.0,0.0,0.0,0.0
tunnel,5,3,4330,4330,4330,1.0,0.0,0.0,0.0,0.0,0.0
tunnel,5,4,4330,4330,4330,1.0,0.0,0.0,0.0,0.0,0.0
tunnel,5,5,4330,4330,4330,1.0,0.0,0.0,0.0,0.0,0.0
tunnel,5,6,4330,4330,4330,1.0,0.0,0.0,0.0,0.0,0.0
tunnel,5,7,4330,4330,4330,1.0,0.0,0.0,0.0,0.0,0.0
tunnel,5,8,4330,4330,4330,1.0,0.0,0.0,0.0,0.0,0.0
tunnel,5,9,4330,4330,4330,1.0,0.0,0.0,0.0,0.0,0.0
tunnel,5,10,4330,4330,4330,1.0,0.0,0.0,0.0,0.0,0.0
tunnel,5,11,4330,4330,4330,1.0,0.0,0.0,0.0,0.0,0.0
tunnel,5,12,4330,4330,4330,1.0,0.0,0.0,0.0,0.0,0.0
tunnel,5,13,4330,4330,4330,1.0,0.0,0.0,0.0,0.0,0.0
tunnel,5,14,4330,4330,4330,1.0,0.0,0.0,0.0,0.0,0.0
tunnel,5,15,4330,4330,4330,1.0,0.0,0.0,0.0,0.0,0.0
tunnel,5,16,4330,4330,4330,1.0,0.0,0.0,0.0,0.0,0.0
tunnel,5,17,4330,4330,4330,1.0,0.0,0.0,0.0,0.0,0.0
tunnel,5,18,4330,4330,4330,1.0,0.0,0.0,0.0,0.0,0.0
tunnel,5,19,4330,4330,4330,1.0,0.0,0.0,0.0,0.0,0.0
tunnel,5,20,4330,4330,4330,1.0,0.0,0.0,0.0,0.0,0.0
tunnel,5,21,4330,4330,4330,1.0,0.0,0.0,0.0,0.0,0.0
tunnel,5,22,4330,4330,4330,1.0,0.0,0.0,0.0,0.0,0.0
tunnel,5,23,4330,4330,4330,1.0,0.0,0.0,0.0,0.0,0.0
tunnel,5,24,4330,4330,4330,1.0,0.0,0.0,0.0,0.0,0.0
tunnel,5,25,4330,4330,4330,1.0,0.0,0.0,0.0,0.0,0.0
tunnel,5,26,4330,4330,4330,1.0,0.0,0.0,0.0,0.0,0.0
tunnel,5,27,4330,4330,4330,1.0,0.0,0.0,0.0,0.0,0.0
tunnel,5,28,4330,4330,4330,1.0,0.0,0.0,0.0,0.0,0.0
tunnel,5,29,4330,4330,4330,1.0,0.0,0.0,0.0,0.0,0.0
tunnel,6,0,4330,4330,4330,1.0,0.0,0.0,0.0,0.0,0.0
tunnel,6,1,4330,4330,4330,1.0,0.0,0.0,0.0,0.0,0.0
tunnel,6,2,4330,4330,4330,1.0,0.0,0.0,0.0,0.0,0.0
tunnel,6,3,4330,4330,4330,1.0,0.0,0.0,0.0,0.0,0.0
tunnel,6,4,4330,4330,4330,1.0,0.0,0.0,0.0,0.0,0.0
tunnel,6,5,4330,4330,4330,1.0,0.0,0.0,0.0,0.0,0.0
tunnel,6,6,4330,4330,4330,1.0,0.0,0.0,0.0,0.0,0.0
tunnel,6,7,4330,4330,4330,1.0,0.0,0.0,0.0,0.0,0.0
tunnel,6,8,4330,4330,4330,1.0,0.0,0.0,0.0,0.0,0.0
tunnel,6,9,4330,4330,4330,1.0,0.0,0.0,0.0,0.0,0.0
tunnel,6,10,4330,4330,4330,1.0,0.0,0.0,0.0,0.0,0.0
tunnel,6,11,4330,4330,4330,1.0,0.0,0.0,0.0,0.0,0.0
tunnel,6,12,4330,4330,4330,1.0,0.0,0.0,0.0,0.0,0.0
tunnel,6,13,4330,4330,4330,1.0,0.0,0.0,0.0,0.0,0.0
tunnel,6,14,4330,4330,4330,1.0,0.0,0.0,0.0,0.0,0.0
tunnel,6,15,4330,4330,4330,1.0,0.0,0.0,0.0,0.0,0.0
tunnel,6,16,4330,4330,4330,1.0,0.0,0.0,0.0,0.0,0.0
tunnel,6,17,4330,4330,4330,1.0,0.0,0.0,0.0,0.0,0.0
tunnel,6,18,4330,4330,4330,1.0,0.0,0.0,0.0,0.0,0.0
tunnel,6,19,4330,4330,4330,1.0,0.0,0.0,0.0,0.0,0.0
tunnel,6,20,4330,4330,4330,1.0,0.0,0.0,0.0,0.0,0.0
tunnel,6,21,4330,4330,4330,1.0,0.0,0.0,0.0,0.0,0.0
tunnel,6,22,4330,4330,4330,1.0,0.0,0.0,0.0,0.0,0.0
tunnel,6,23,4330,4330,4330,1.0,0.0,0.0,0.0,0.0,0.0
tunnel,6,24,4330,4330,4330,1.0,0.0,0.0,0.0,0.0,0.0
tunnel,6,25,4330,4330,4330,1.0,0.0,0.0,0.0,0.0,0.0
tunnel,6,26,4330,4330,4330,1.0,0.0,0.0,0.0,0.0,0.0
tunnel,6,27,4330,4330,4330,1.0,0.0,0.0,0.0,0.0,0.0
tunnel,6,28,4330,4330,4330,1.0,0.0,0.0,0.0,0.0,0.0
tunnel,6,29,4330,4330,4330,1.0,0.0,0.0,0.0,0.0,0.0
tunnel,7,0,4330,4330,4330,1.0,0.0,0.0,0.0,4096.0,4096.0
tunnel,7,1,4330,4330,0,0.0,nan,nan,nan,nan,nan
tunnel,7,2,4330,4330,0,0.0,nan,nan,nan,nan,nan
tunnel,7,3,4330,4330,0,0.0,nan,nan,nan,nan,nan
tunnel,7,4,4330,4330,0,0.0,nan,nan,nan,nan,nan
tunnel,7,5,4330,4330,0,0.0,nan,nan,nan,nan,nan
tunnel,7,6,4330,4330,0,0.0,nan,nan,nan,nan,nan
tunnel,7,7,4330,4330,0,0.0,nan,nan,nan,nan,nan
tunnel,7,8,4330,4330,0,0.0,nan,nan,nan,nan,nan
tunnel,7,9,4330,4330,0,0.0,nan,nan,nan,nan,nan
tunnel,7,10,4330,4330,0,0.0,nan,nan,nan,nan,nan
tunnel,7,11,4330,4330,0,0.0,nan,nan,nan,nan,nan
tunnel,7,12,4330,4330,0,0.0,nan,nan,nan,nan,nan
tunnel,7,13,4330,4330,0,0.0,nan,nan,nan,nan,nan
tunnel,7,14,4330,4330,0,0.0,nan,nan,nan,nan,nan
tunnel,7,15,4330,4330,0,0.0,nan,nan,nan,nan,nan
tunnel,7,16,4330,4330,0,0.0,nan,nan,nan,nan,nan
tunnel,7,17,4330,4330,0,0.0,nan,nan,nan,nan,nan
tunnel,7,18,4330,4330,0,0.0,nan,nan,nan,nan,nan
tunnel,7,19,4330,4330,0,0.0,nan,nan,nan,nan,nan
tunnel,7,20,4330,4330,0,0.0,nan,nan,nan,nan,nan
tunnel,7,21,4330,4330,0,0.0,nan,nan,nan,nan,nan
tunnel,7,22,4330,4330,0,0.0,nan,nan,nan,nan,nan
tunnel,7,23,4330,4330,0,0.0,nan,nan,nan,nan,nan
tunnel,7,24,4330,4330,0,0.0,nan,nan,nan,nan,nan
tunnel,7,25,4330,4330,0,0.0,nan,nan,nan,nan,nan
tunnel,7,26,4330,4330,0,0.0,nan,nan,nan,nan,nan
tunnel,7,27,4330,4330,0,0.0,nan,nan,nan,nan,nan
tunnel,7,28,4330,4330,0,0.0,nan,nan,nan,nan,nan
tunnel,7,29,4330,4330,0,0.0,nan,nan,nan,nan,nan
